name,province,city,address,phone_number,website
سازمان اسناد و كتابخانه ملی جمهوری اسلامی ایران,تهران,تهران,تهران - بزرگراه شهيد حقانی - بعد از ایستگاه مترو ميرداماد- خروجی كتابخانه ملی.,88644104-021 ( داخلی  ),http://nlai.ir
نمایندگی تهران و البرز - جامعه المصطفی (ص) العالمیه,تهران,تهران,تهران، کریم‌خان زند، سنایی ۸، پلاک۴. دفتر نمایندگی تهران و البرز,۰۲۱۸۸۳۱۹۹۷۹ ( داخلی  ),http://Dlib.miu.ac.ir
کتابخانه ابن سینا (کتابخانه های سازمان فرهنگی هنری شهرداری تهران),تهران,تهران,تهران - خیابان پیروزی - میدان چهار صد دستگاه.,33303103-021 ( داخلی  ),http://tlib.ir
کتابخانه اخلاق (کتابخانه های سازمان فرهنگی هنری شهرداری تهران),تهران,تهران,تهران - خيابان پيروزي - خيابان شكوفه - خيابان شهيد كاظمي - جنب بوستان گلزار - فرهنگسراي اخلاق,33312303-021 ( داخلی  ),http://tlib.ir
کتابخانه استاد حکیمی (کتابخانه های سازمان فرهنگی هنری شهرداری تهران),تهران,تهران,تهران - خيابان يافت آباد - شهرك ولي عصر - انتهاي حيدري جنوبي - خيابان پژاند -  بوستان,66297525-021 ( داخلی  ),http://tlib.ir
کتابخانه استاد معین (کتابخانه های سازمان فرهنگی هنری شهرداری تهران),تهران,تهران,تهران - جاده مخصوص كرج - شهرک وردآورد (كيلومتر۱۹) - بلواراصلي وردآورد، خانه فرهنگ وردآورد.,4498107-021 ( داخلی  ),http://tlib.ir
کتابخانه آفتاب (کتابخانه های سازمان فرهنگی هنری شهرداری تهران),تهران,تهران,تهران - بزرگراه شهید نواب صفوی - ابتدای خیابان کمیل شرقی – فرهنگسرای انقلاب اسلامی.,55408668-021 ( داخلی  ),http://tlib.ir
کتابخانه آفتابگردان (کتابخانه های سازمان فرهنگی هنری شهرداری تهران),تهران,تهران,تهران - خیابان دکتر شریعتی - بلوار صبا - بلوار شهید اندرزگو - پارک قیطریه - فرهنگسرای ملل.,55408668-55419057 021-021 ( داخلی  ),http://tlib.ir
کتابخانه امام خمینی (ره) (کتابخانه های سازمان فرهنگی هنری شهرداری تهران),تهران,تهران,تهران - خيابان ۱۷ شهريور - خيابان خشكبار چي - بوستان خيام.,333303843-021 ( داخلی  ),http://tlib.ir
کتابخانه امام علی علیه السلام (کتابخانه های سازمان فرهنگی هنری شهرداری تهران),تهران,تهران,تهران - خیابان ولیعصر (عج) - روبروي بزرگراه نيايش - بلوار اسفندیار - شماره ۳۵.,22042038-021 ( داخلی  ),http://tlib.ir
کتابخانه امامزاده یحیی ع (کتابخانه های سازمان فرهنگی هنری شهرداری تهران),تهران,تهران,تهران - خيابان ری - كوچه آبشار غربی - كوچه شهيد هداوند - خانه فرهنگ امامزاده يحيي - شماره ۷.,33553228-021 ( داخلی  ),http://tlib.ir
کتابخانه امید (کتابخانه های سازمان فرهنگی هنری شهرداری تهران),تهران,تهران,تهران - ميدان نوبنياد- بزرگراه شهيد بابايي- شهرك اميد- مجتمع فرهنگی .,77077175-021 ( داخلی  ),http://tlib.ir
کتابخانه امیر کبیر (کتابخانه های سازمان فرهنگی هنری شهرداری تهران),تهران,تهران,تهران - خيابان دکتر شريعتي - نرسيده به ميدان قدس - خيابان برادران واعظي - خيابان قيطريه - ضلع شمال غرب بوستان قيطريه.,22207051-021 ( داخلی  ),http://tlib.ir
کتابخانه انتشارات سمت,تهران,تهران,تهران - بزرگراه جلال آل احمد - غرب پل یادگار امام - روبروی پمپ گاز - سازمان سمت - طبقه اول کتابخانه,44234843-021 ( داخلی  ),http://samt.ac.ir
كتابخانه انجمن آثار و مفاخر فرهنگی,تهران,تهران,تهران- خيابان وليعصر (ع)- پل امير بهادر- خيابان سرگرد بشيرى- شماره 71.,55394852-021 ( داخلی  ),http://anjom.ir
کتابخانه اندیشه (کتابخانه های سازمان فرهنگی هنری شهرداری تهران),تهران,تهران,تهران - خيابان دکتر شريعتی - نرسيده به پل سيدخندان - روبروي مخابرات - بوستان هلال احمر - فرهنگسرای اتدیشه.,88739770-021 ( داخلی  ),http://tlib.ir
کتابخانه انقلاب اسلامی (کتابخانه های سازمان فرهنگی هنری شهرداری تهران),تهران,تهران,تهران - خيابان كميل - ‌تقاطع بزرگراه شهيد نواب صفوي - فرهنگسراي انقلاب اسلامی.,021-۵۵۴۰۸۶۶۹ ( داخلی  ),http://tlib.ir
کتابخانه آیت الله ايرواني (کتابخانه های سازمان فرهنگی هنری شهرداری تهران),تهران,تهران,تهران - خيابان مولوی - نرسيده به چهارراه وحدت اسلامی - كوچه دولت آبادی - كوچه حاج حسن - پلاک جدید ۱.,55893654-021 ( داخلی  ),http://tlib.ir
كتابخانه آيت الله حكيم (ره) (آستان قدس رضوی ع),تهران,تهران,تهران - خیابان دكتر باهنر - حصار بوعلي - خيابان سرتيپ شهيد خلبان رضا سعيدي - پلاك 62 .,22281249-021 ( داخلی  ),http://aqlibrary.ir
کتابخانه آیت الله طالقانی (کتابخانه های سازمان فرهنگی هنری شهرداری تهران),تهران,تهران,تهران - خیابان انقلاب اسلامی- پيچ شميران- خيابان تنكابن (نورمحمدي)- كوچه آيت ا... طالقاني (ره).,77526923-021 ( داخلی  ),http://tlib.ir
کتابخانه آیت الله کاشانی (کتابخانه های سازمان فرهنگی هنری شهرداری تهران),تهران,تهران,تهران- خیابان مصطفی خمینی- کوچه سجادی- بن بست شام بیاتی- پلاک ۳۰.,33530695-021 ( داخلی  ),http://tlib.ir
كتابخانه ايرانشناسی مجلس شورای اسلامی,تهران,تهران,تهران - ضلع جنوب شرقي ميدان بهارستان - کتابخانه مجلس شوراي اسلامي.,33130911-021 ( داخلی  ),http://ical.ir
کتابخانه بازار (کتابخانه های سازمان فرهنگی هنری شهرداری تهران),تهران,تهران,تهران- میدان امام خمینی(ره)- خیابان امیر کبیر - بعد از ناصر خسرو- ناظم الاطبای جنوبی- کوچه حشمتی- کوی کمالی- پلاک ۲۰- خانه موزه بازار.,33112824-021 ( داخلی  ),http://tlib.ir
كتابخانه بنياد دايرة المعارف اسلامی,تهران,تهران,تهران- خیابان فلسطین شمالی- بالای كتاب مرجع- شماره130,88969290-88967871-88978052-88966703-021 ( داخلی  ),http://lib.rch.ac.ir
کتابخانه بهاران(کتابخانه های سازمان فرهنگی هنری شهرداری تهران),تهران,تهران,تهران - ميدان ابوذر- انتهاي سجادجنوبي- ميدان بهاران- خيابان رادمردان- فرهنگسراي بهاران.,66218568-021 ( داخلی  ),http://tlib.ir
کتابخانه پامچال(کتابخانه های سازمان فرهنگی هنری شهرداری تهران),تهران,تهران,تهران - خيابان يافت آباد - شهرك ولي عصر عج- انتهاي حيدري جنوبي- خيابان پژاند,33878283-021 ( داخلی  ),http://tlib.ir
کتابخانه پرتو (کتابخانه های سازمان فرهنگی هنری شهرداری تهران),تهران,تهران,تهران - شهرك راه‌آهن - بلوارگلها - بالاتراز ميدان اتريش - بوستان نسترن - كتابخانه پرتو.,44763299-021 ( داخلی  ),http://tlib.ir
کتابخانه پرديس 2 دانشکده‌های فنی دانشگاه تهران,تهران,تهران,تهران- خيابان کارگر شمالي- بعد از بزرگراه جلال آل احمد- پرديس2 دانشکده های فني.,82089801-021 ( داخلی  ),http://eng.ut.ac.ir
كتابخانه پردیس علوم دانشگاه تهران,تهران,تهران,تهران – خیابان انقلاب – پردیس مركزی دانشگاه تهران – پردیس علوم .,61112616-66495290-021 ( داخلی  ),http://Science.ut.ac.ir/sclib
کتابخانه پردیس هنرهای زیبا دانشگاه تهران,تهران,تهران,تهران - خیابان انقلاب - دانشگاه تهران- دانشکده هنرهای زیبا.,61113246-61112755 021-66499680 021-021 ( داخلی 3246-2755 ),http://dlib.ut.ac.ir
کتابخانه پژوهشگاه دانشهای بنیادی,تهران,تهران,فرمانیه- ابتدای پاسداران -کوهستان نهم (نوریان)- خیابان شعله- خیابان یاسمن غربی-خیابان آذرمینا- بن بست مهران- پلاک 7- مرکز تحقیقات فیزیک نظری و ریاضیات- واحد کتابخانه,22291812-021 ( داخلی 4135 ),https://library.ipm.ac.ir
كتابخانه پژوهشگاه علوم و فناوری رنگ,تهران,تهران,تهران - بزرگراه صيادشيرازي(به سمت شمال) - خروجي لويزان - ميدان حسين‌آباد - خيابان وفامنش - نبش كوچه شمس - پلاك 55 (59قديم).,22946834-021 ( داخلی  ),http://icrc.ac.ir
كتابخانه پژوهشگاه نیرو,تهران,تهران,تهران - شهرك قدس - انتهاي بلوار شهيد دادمان - پژوهشگاه نیرو .,9-88079401-021 ( داخلی  ),http://nri.ac.ir
کتابخانه پژوهشکده بیمه,تهران,تهران,تهران، سعادت آباد، میدان شهید حسن تهرانی مقدم (کاج سابق)، سرو غربی، بعد از مخابرات سلمان فارسی، پلاک 43,021-22092265 ( داخلی 120 ),https://lib.irc.ac.ir/
کتابخانه پندار(کتابخانه های سازمان فرهنگی هنری شهرداری تهران),تهران,تهران,تهران- دهکده المپیک- شهرک راه آهن- انتهای بلوار امیر کبیر-  پشت دبیرستان دخترانه هداوند- جنب مسجد چهارده معصوم(ع)- پلاک ۴،,44729091-021 ( داخلی  ),http://tlib.ir
کتابخانه تخصصی انقلاب اسلامی و دفاع مقدس,تهران,تهران,میدان ونک –بزرگراه شهید حقانی- خیابان سرو- جنب مترو حقانی- موزه ملی انقلاب اسلامی و دفاع مقدس- کتابخانه,02188657020 ( داخلی 671 - 672 - 673 ),http://Http://Lib.iranhdm.ir
کتابخانه تخصصی حقوقی آموزش و تحقیقات دادگستری کل استان تهران باقرالعلوم (ع),تهران,تهران,تهران -  پل کریمخان زند -  خیابان سنایی - نبش کوچه هفدهم - پلاک .140,88326702-021 ( داخلی 2232 ),http://Dadgostary-tehran.ir
كتابخانه تخصصی قرآنی سازمان دارالقرآن الكریم,تهران,تهران,تهران- ميدان امام حسين (ع)- خيابان خواجه نصيرالدين طوسى - شماره 85 - سازمان دارالقرآن‌الكريم.,77600915 ( داخلی  ),http://
کتابخانه ترنج (ابیانه) (کتابخانه های سازمان فرهنگی هنری شهرداری تهران),تهران,تهران,تهران - اتوبان شهید محلاتی - تقاطع بلوار ابوذر - خانه فرهنگ ابوذر - کتابخانه ترنج .,33834759-021 ( داخلی  ),http://tlib.ir
کتابخانه تلاش (کتابخانه های سازمان فرهنگی هنری شهرداری تهران),تهران,تهران,تهران - محله خاني‌آبادنو - بلوار ميلاد - خيابان شهرداری - جنب بوستان ۲۲ بهمن - خانه فرهنگ تلاش.,55511125-021 ( داخلی  ),http://tlib.ir
کتابخانه جهان‌آرا (کتابخانه های سازمان فرهنگی هنری شهرداری تهران),تهران,تهران,تهران - خيابان سيد جمال الدين اسدآبادی - خيابان ۵۹ غربی جهان آرا.,88602358-021 ( داخلی  ),http://tlib.ir
کتابخانه حزین لاهیجی(کتابخانه های سازمان فرهنگی هنری شهرداری تهران),تهران,تهران,تهرانسر- بلوار گلها- جنب كوچه۱4- خانه فرهنگ تهرانسر- طبقه دوم- کتابخانه حزین لاهیجی,۴۴۵۳۴۰۵۵-021 ( داخلی  ),http://tlib.ir
کتابخانه حسینیه هدایت(کتابخانه های سازمان فرهنگی هنری شهرداری تهران),تهران,تهران,تهران - خيابان ري- بالاتر از ميدان قيام- كوچه شهيد رقيب دوست- حسينيه هدايت.,33134154-021 ( داخلی  ),http://tlib.ir
کتابخانه حکیمیه(کتابخانه های سازمان فرهنگی هنری شهرداری تهران),تهران,تهران,تهران - تهرانپارس- شهرك حكيميه- فاز یک- بلوار نور- بوستان نور.,77305428-021 ( داخلی  ),http://tlib.ir
کتابخانه خاوران(کتابخانه های سازمان فرهنگی هنری شهرداری تهران),تهران,تهران,"تهران- خيابان خاوران-  نرسيده به هاشم آباد- فرهنگسراي
خاوران",33717285-021 ( داخلی  ),http://tlib.ir
کتابخانه 15 خرداد (کتابخانه های سازمان فرهنگی هنری شهرداری تهران),تهران,تهران,تهران - شاد آباد - ميدان الغدير - ميدان جانبازان - مجموعه مختار سليماني.,66784614-021 ( داخلی  ),http://tlib.ir
کتابخانه خواجوی کرمانی(کتابخانه های سازمان فرهنگی هنری شهرداری تهران),تهران,تهران,تهران - خيابان شوش- ميدان شهيد هرندي- بوستان خواجوي كرماني- مجموعه فرهنگي خواجوي‌كرماني.,55890778-021 ( داخلی  ),http://tlib.ir
کتابخانه دانشگاه بین المللی مذاهب اسلامی,تهران,تهران,خ انقلاب اسلامی – خ ابوریحان – خ روانمهر – پلاک 3,66465252 ( داخلی 511-512 ),http://www.mazaheb.ac.ir
كتابخانه دانشكده ادبيات دانشگاه تهران,تهران,تهران,تهران - خيابان انقلاب اسلامى - دانشگاه تهران.,61112595-021 ( داخلی  ),http://literature.ut.ac.ir/library
کتابخانه دانشکده اقتصاد دانشگاه تهران,تهران,تهران,تهران - خیابان کارگر شمالی-مقابل بیمارستان شریعتی-دانشکده اقتصاد دانشگاه تهران.,88634001-021 ( داخلی  ),http://economics.ut.ac.ir
کتابخانه دانشکده الهیات و معارف اسلامی دانشگاه تهران,تهران,تهران,تهران - خیابان شهید مطهری - نبش خیابان شهید مفتح - دانشکده الهیات و معارف اسلامی پلاک 47.,88742477 ( داخلی  ),http://ftis.ut.ac.ir
کتابخانه دانشکده تحصیلات تکمیلی محیط زیست دانشگاه تهران,تهران,تهران,تهران- خیابان انقلاب- خیابان قدس، دانشکده تحصیلات تکمیلی محیط زیست.,61113170-61113169 ( داخلی  ),http://env.ut.ac.ir/library
کتابخانه دانشکده تربیت بدنی و علوم ورزشی دانشگاه تهران,تهران,تهران,تهران - ميدان انقلاب اسلامی - خيابان كارگر شمالي.,88351730-37  ( داخلی  ),http://sport.ut.ac.ir/officedeptsread.asp?officedeptsID=11
کتابخانه دانشکده جغرافیای دانشگاه تهران,تهران,تهران,تهران - میدان انقلاب اسلامی - خیابان قدس - کوچه آذین - داشکده جغرافیای دانشگاه تهران - ساختمات شماره 2 - طبقه همکف.,61113367-021 ( داخلی  ),http://geography.ut.ac.ir/fa/12/8
كتابخانه دانشكده حقوق و علوم سیاسی دانشگاه تهران,تهران,تهران,تهران - خیابان 16 آذر - درب غربی دانشگاه تهران - دانشكده حقوق و علوم سیاسی – طبقه همكف.,66494989-021 ( داخلی  ),http://lawpol.ut.ac.ir
کتابخانه دانشکده دامپزشکی دانشگاه تهران,تهران,تهران,تهران-خيابان آزادي-نبش خيابان دکتر قريب-دانشکده دامپزشکي دانشگاه تهران,61117000 ( داخلی  ),http://vetmed.ut.ac.ir
کتابخانه دانشکده روانشناسی و علوم تربیتی دانشگاه تهران,تهران,تهران,تهران- بزرگراه شهید دکتر چمران- خیابان جلال آل احمد- رو به روی کوی نصر - خیابان دکتر کاردان.,70-5 و 88240161-88250062 ( داخلی  ),http://psyedu.ut.ac.ir
كتابخانه دانشکده زبانها و ادبیات خارجی دانشگاه تهران,تهران,تهران,تهران - خیابان کارگر شمالی - دانشگاه تهران.,88025001-61119200 ( داخلی  ),http://ffll.ut.ac.ir/Moavenat_Library_User.asp
کتابخانه دانشکده علوم اجتماعی دانشگاه تهران,تهران,تهران,تهران- بزرگراه جلال آل احمد‏- جنب بيمارستان شريعتي- دانشکده علوم اجتماعی دانشگاه تهران -طبقه همکف.,88000146-61117931 ( داخلی  ),http://social.ut.ac.ir/departments/dep/Library
کتابخانه دانشکده مدیریت دانشگاه تهران,تهران,تهران,تهران - کارگر شمالی - جنب پل نصر (گیشا) - دانشکده مدیریت دانشگاه تهران.,88003575-88000245 ( داخلی  ),http://management.ut.ac.ir/?part=menu&inc=menu&id=333
کتابخانه دانشکده مطالعات جهان دانشگاه تهران,تهران,تهران,تهران – خیابان کارگر شمالی – پردیس شمالی دانشگاه تهران – ورودی غربی (دانشکده تربیت بدنی) – دانشکده مطالعات جهان.,61119290 ( داخلی  ),http://fws.ut.ac.ir/rtl/Default4.aspx?LanId=1
کتابخانه دانشکده کارآفرینی دانشگاه تهران,تهران,تهران,تهران- خیابان کارگر شمالی- خیابان شهید فرشی مقدم (شانزدهم).,61119237 ( داخلی  ),http://ent.ut.ac.ir/index.aspx
کتابخانه داوودیه(کتابخانه های سازمان فرهنگی هنری شهرداری تهران),تهران,تهران,تهران- خیابان دکتر شریعتی- بلوار میرداماد- خیابان امیرسهیل تبریزیان- نبش کوچه بهبهانی- پلاک ۱۱.,22906363-021 ( داخلی  ),http://tlib.ir
کتابخانه دردار (کتابخانه های سازمان فرهنگی هنری شهرداری تهران),تهران,تهران,تهران - خيابان هفده شهريور - بين ايستگاه دروازه دولاب و آهنگ - خيابان شهيد دولو - كوچه سرخوش - كوچه اعتماد - خانه فرهگ دردار.,33551538-021 ( داخلی  ),http://tlib.ir
کتابخانه دکتر حسابی(کتابخانه های سازمان فرهنگی هنری شهرداری تهران),تهران,تهران,تهران- خيابان ابوذر- خيابان شهيدعلمي- كوچة دكترحسابي.,55717978-021 ( داخلی  ),http://tlib.ir
کتابخانه دکتر شهیدی(کتابخانه های سازمان فرهنگی هنری شهرداری تهران),تهران,تهران,تهارن- نارمك- چهارراه تلفنخانه- خيابان۴۶ متري غربي- خیابان شهید بختیاری (سامان) - ميدان ۵۸ - كوچه يكم شرقي.,77913098-021 ( داخلی  ),http://tlib.ir
کتابخانه دکتر عظیمی(کتابخانه های سازمان فرهنگی هنری شهرداری تهران),تهران,تهران,تهران - خيابان دکتر شريعتي- نرسيده به ميدان قدس- كوچه مهنا۱- پلاک ۴.,22714940-021 ( داخلی  ),http://tlib.ir
کتابخانه دکتر معتمدنژاد (کتابخانه های سازمان فرهنگی هنری شهرداری تهران),تهران,تهران,تهران - پاسداران - خیابان گل نبی - خیابان ناطق نوری - میدان قبا - فرهنگسرای رسانه (پایداری).,22888680-021 ( داخلی  ),http://tlib.ir
کتابخانه رازی(کتابخانه های سازمان فرهنگی هنری شهرداری تهران),تهران,تهران,تهران- خيابان كارگر جنوبي-  ميدان رازي-  بوستان رازي- فرهنگسرای رازی.,55423352-021 ( داخلی  ),http://tlib.ir
کتابخانه سرو (کتابخانه های سازمان فرهنگی هنری شهرداری تهران),تهران,تهران,تهران - خيابان وليعصر (عج) - ضلع شمالي پارك ساعي، - كوچه ساعي۲ - فرهنگسراي سرو.,88786277-021 ( داخلی  ),http://tlib.ir
کتابخانه سعادت(کتابخانه های سازمان فرهنگی هنری شهرداری تهران),تهران,تهران,تهران- سعادت آباد- بالاتر از میدان کاج- خیابان دوم- عبقری-  بوستان شقایق.,22116760-021 ( داخلی  ),http://tlib.ir
کتابخانه سلام (کتابخانه های سازمان فرهنگی هنری شهرداری تهران),تهران,تهران,تهران - نارمك - خيابان گلبرگ شرقي(جانبازان) - بعداز چهارراه دردشت - كوچه شهيد اكبري- خانه فرهنگ سلام.,77916080-021 ( داخلی  ),http://tlib.ir
کتابخانه سیدالشهداء علیه السلام (کتابخانه های سازمان فرهنگی هنری شهرداری تهران),تهران,تهران,تهران - شهرك اساتيد دانشگاه صنعتي شريف.,44990772-021 ( داخلی  ),http://tlib.ir
کتابخانه شفق(کتابخانه های سازمان فرهنگی هنری شهرداری تهران),تهران,تهران,تهران- خیابان سید جمال الدین اسد آبادی- خیابان ۲۱- بوستان شفق.,88706869-021 ( داخلی  ),http://tlib.ir
کتابخانه شماره دو کانون اسلامی انصار,تهران,تهران,تهران - خیابان  کارگر شمالی -  خیابان گردآفرید- پلاک 2,1-66944370-021 ( داخلی  ),http://kanoon-ansar.ir
کتابخانه شهدای حصارک (کتابخانه های سازمان فرهنگی هنری شهرداری تهران),تهران,تهران,تهران - جنت آباد شمالی - بلوار سیمون بولیوار - نبش ایرانشهر شمالی - کتابخانه شهدای حصارک.,44832747-021 ( داخلی  ),http://tlib.ir
کتابخانه شهر (کتابخانه های سازمان فرهنگی هنری شهرداری تهران),تهران,تهران,تهران - انتهاي بزرگراه رسالت غرب - سه راه دهكده المپيك - جنب دبيرستان سپيده كاشاني - خيابان ساحل - فرهنگسراي تهران.,44137060-021 ( داخلی  ),http://tlib.ir
کتابخانه شهید بخارایی (کتابخانه های سازمان فرهنگی هنری شهرداری تهران),تهران,تهران,تهران - فلكه چهارم خزانه - نبش خيابان جمشيد سيد - مجتمع فرهنگي هنري فجر.,55311575-021 ( داخلی  ),http://tlib.ir
کتابخانه شهيد فهميده (کتابخانه های سازمان فرهنگی هنری شهرداری تهران),تهران,تهران,تهران - ميدان بهمن - خيابان دشت آزادگان - فرهنگسراي بهمن.,55058437-021 ( داخلی  ),http://tlib.ir
کتابخانه شهید قدیریان (کتابخانه های سازمان فرهنگی هنری شهرداری تهران),تهران,تهران,تهران - خيابان كارگر جنوبي - ضلع شمال شرقي ميدان حر - خانه فرهنگ حر.,66409523-021 ( داخلی  ),http://tlib.ir
کتابخانه شهید مفتح کوی دانشگاه تهران,تهران,تهران,تهران- خیابان کارگر شمالی- روبروی خیابان پانزدهم - کوی دانشگاه تهران.,82095500 ( داخلی  ),http://
کتابخانه شهید کاشانی(کتابخانه های سازمان فرهنگی هنری شهرداری تهران),تهران,تهران,تهران- خیابان مصطفی خمینی- کوچه سجادی- بن بست شام بیاتی- پلاک ۳۰,33530686-021 ( داخلی  ),http://tlib.ir
کتابخانه شهیدان جعفری نژاد(کتابخانه های سازمان فرهنگی هنری شهرداری تهران),تهران,تهران,تهران- ميدان خراسان- خيابان خاوران- انتهاي خيابان هاشم‌آباد.,33687923-021 ( داخلی  ),http://tlib.ir
کتابخانه شیخ اشراق (کتابخانه های سازمان فرهنگی هنری شهرداری تهران),تهران,تهران,تهران - فلكه دوم تهران پارس - انتهاي خيابان جشنواره - فرهنگسراي اشراق.,77359222-021 ( داخلی  ),http://tlib.ir
کتابخانه شیخ صدوق(کتابخانه های سازمان فرهنگی هنری شهرداری تهران),تهران,تهران,شهرري-  فكه اول دولت آباد- روبروي ميدان بروجردي- جنب پارك مهران،-كتابخانه شيخ صدوق (ره),33754041-021 ( داخلی  ),http://tlib.ir
کتابخانه شیخ فضل الله (کتابخانه های سازمان فرهنگی هنری شهرداری تهران),تهران,تهران,تهران - بلوار آيت ا... كاشاني- بعد از تقاطع شهید ستاری- جنب شهر كتاب نور ( روبروي بانك مسكن) - مجتمع فرهنگی هنری نور- طبقه همکف .,44066751-021 ( داخلی  ),http://tlib.ir
کتابخانه  شیخ مفید (کتابخانه های سازمان فرهنگی هنری شهرداری تهران),تهران,تهران,تهران - شهرک گلستان - انتهای بلوار کاج - نبش سروستان ۱۱- خانه فرهنگ امیر کبیر.,447228017-021 ( داخلی  ),http://tlib.ir
کتابخانه شیخ هادی نجم آبادی (کتابخانه های سازمان فرهنگی هنری شهرداری تهران),تهران,تهران,تهران - بلوار آيت الله كاشاني - ميدان شهرزيبا - خيابان شهران - بعد از زيرگذر همت - فرهنگسراي معرفت.,44304858-021 ( داخلی  ),http://tlib.ir
کتابخانه شیخ کلینی (ره) (کتابخانه های سازمان فرهنگی هنری شهرداری تهران),تهران,تهران,تهران - خيابان فدائيان اسلام - خيابان ۴۵ متري شهرري (بلوار شهيدكريمي) - نرسيده به اداره گذرنامه - كتابخانه شيخ كليني.,33370700 و 701-021 ( داخلی 3375 ),http://tlib.ir
کتابخانه عطار(کتابخانه های سازمان فرهنگی هنری شهرداری تهران),تهران,تهران,تهران - ابتداي خوش جنوبي- خيابان شهيد اميرقلي- نرسيده به تقاطع ناهيد- فرهنگسرای عطار نيشابوري.,55718143-021 ( داخلی  ),http://tlib.ir
کتابخانه علامه امینی (کتابخانه های سازمان فرهنگی هنری شهرداری تهران),تهران,تهران,تهران - خيابان افريقا - بين ميرداماد و ظفر - پارك صبا - كتابخانه علامه اميني (ره).,88787386-021 ( داخلی  ),http://tlib.ir
کتابخانه علامه جعفری (ره) (کتابخانه های سازمان فرهنگی هنری شهرداری تهران),تهران,تهران,تهران - بزرگراه آيت ا... كاشاني - خيابان حسن آباد جنوبي - كوچه ۴ - پلاك ۲۳.,44091043-021 ( داخلی  ),http://tlib.ir
کتابخانه علامه طباطبايي (ره) (کتابخانه های سازمان فرهنگی هنری شهرداری تهران),تهران,تهران,تهران - خيابان آزادی - خيابان شهيدان - ميدان هاشمي - فرهنگسرای کار.,66029060-66046946   021-021 ( داخلی  ),http://tlib.ir
کتابخانه علامه طرشتی (کتابخانه های سازمان فرهنگی هنری شهرداری تهران),تهران,تهران,تهران - خيابان آزادی - روبروي استادمعين - بلوار شهید جواد اكبري - بوستان طرشتي - كتابخانه علامه طرشتي.,66021025-021 ( داخلی  ),http://tlib.ir
کتابخانه عمومی حسینیه ارشاد,تهران,تهران,تهران - خیابان دکتر شریعتی - نرسیده به میرداماد - حسینیه ارشاد.,22866465-021 ( داخلی  ),http://hepl.ir
كتابخانه عمومی مكتب الزهراء (س),تهران,تهران,تهران - خیابان پیروزی - خیابان شكوفه - میدان سراسیاب دولاب - خیابان شهید كندی - چهار راه حاج قربانی .,02133079075 ( داخلی  ),http://libmz.ir
کتابخانه فجر (کتابخانه های سازمان فرهنگی هنری شهرداری تهران),تهران,تهران,تهران - بلواريافت‌آباد - ابراهيم‌آباد - خيابان اسدآبادی - ‌بوستان مينا.,66817456-021 ( داخلی  ),http://tlib.ir
کتابخانه فردوس (کتابخانه های سازمان فرهنگی هنری شهرداری تهران),تهران,تهران,تهران - فلكه دوم صادقيه- بلوار فردوس- بعد از چهارراه مخابرات- فرهنگسراي فردوس.,44081043-021 ( داخلی  ),http://tlib.ir
کتابخانه فردوسی (کتابخانه های سازمان فرهنگی هنری شهرداری تهران),تهران,تهران,تهران - خيابان شوش - خيابان ری - خيابان انبارگندم - كتابخانه فردوسي.,33562082-021 ( داخلی  ),http://tlib.ir
کتابخانه فرزانگان (کتابخانه های سازمان فرهنگی هنری شهرداری تهران),تهران,تهران,تهران - نارمك - انتهاي خيابان گلستان - جنب بوستان تسليحات - كوچه شهيد غلام رضاگلستاني - شماره ۱۲۸.,77818842-021 ( داخلی  ),http://tlib.ir
کتابخانه فناوری اطلاعات (کتابخانه های سازمان فرهنگی هنری شهرداری تهران),تهران,تهران,تهران - ابتداي خوش جنوبي- خيابان شهيد اميرقلي- نرسيده به تقاطع ناهيد- فرهنگسرای عطار نيشابوري.,66902134-021 ( داخلی  ),http://tlib.ir
کتابخانه قائم (عج) (کتابخانه های سازمان فرهنگی هنری شهرداری تهران),تهران,تهران,تهران - بلواريافت آباد - بعدازميدان معلم - جنب مجتمع قضايي يافت آباد - بوستان قائم(عج).,66217766-021 ( داخلی  ),http://tlib.ir
کتابخانه قیصر امین پور (کتابخانه های سازمان فرهنگی هنری شهرداری تهران),تهران,تهران,تهران - مهرآباد جنوبي - خيابان توكلي - كوچه شهيد ابراهيم اصفهاني - پلاك ۴۶ـ خانه فرهنگ مهرآباد.,66620163-021 ( داخلی  ),http://tlib.ir
کتابخانه گروه باستان شناسی دانشکده ادبیات دانشگاه تهران,تهران,تهران,تهران - خیابان انقلاب اسلامی - دانشگاه تهران.,66913992 ( داخلی 2569 ),http://ut.ac.ir
کتابخانه گروه تاریخ دانشگاه تهران,تهران,تهران,تهران - خیابان انقلاب اسلامی - دانشگاه تهران.,61117252 ( داخلی  ),http://ut.ac.ir
کتابخانه گروه زبان و ادبیات فارسی دانشگاه تهران,تهران,تهران,تهران - خیابان انقلاب اسلامی - دانشگاه تهران.,61113082 ( داخلی  ),http://ut.ac.ir
کتابخانه گلستان (کتابخانه های سازمان فرهنگی هنری شهرداری تهران),تهران,تهران,تهران - نارمك - ميدان هلال احمر - خيابان گلستان - ضلع شمالي بوستان فدك - فرهنگسراي گلستان.,77827730-021 ( داخلی  ),http://tlib.ir
کتابخانه لویزان (کتابخانه های سازمان فرهنگی هنری شهرداری تهران),تهران,تهران,تهران - لویزان - خیابان جوانشیر- سه راه لویزان-خیابان شعبانلو- روبروی مخابرات شهیدلطیفی-  بوستان سخندان- کتابخانه عمومی لویزان.,22956644-021 ( داخلی  ),http://tlib.ir
کتابخانه مجازی (دیجیتالی) الفبا,تهران,تهران,تهران- خیابان شهید بهشتی- بعد از تقاطع سهروردی- جنب بانک تجارت- پلاک 146- طبقه2,95119260-021 ( داخلی  ),http://alefbalib.com/?pid=29
كتابخانه مجلس شورای اسلامى,تهران,تهران,تهران - ضلع جنوب شرقي ميدان بهارستان - كتابخانه مجلس شوراي اسلامى.,33130911-021 ( داخلی  ),http://ical.ir
كتابخانه مدرسه عالی شهيد مطهری (ره),تهران,تهران,تهران - میدان بهارستان – مدرسه عالی شهید مطهری.,33124472-021 ( داخلی  ),http://motahari.ac.ir/web/guest/library
كتابخانه مدرسه علمیه خواهران الزهراء (س),تهران,تهران,تهران - كوی نصر - نبش كانال فاضل شرقی - پلاك 1/2 .,88252149-021 ( داخلی  ),http://lib.whc.ir
كتابخانه مدرسه علمیه خواهران الغدیر,تهران,تهران,تهران - خیابان هفده شهریور - خیابان عبدالرضا شیرازی(آبشار)- كوچه لواسانی - پلاك 8 .,33552110-021 ( داخلی  ),http://lib.whc.ir
كتابخانه مدرسه علمیه خواهران امام حسن مجتبی (ع),تهران,تهران,تهران - بزرگراه آیت الله سعیدی - جنب درب جنوبی امامزاده زید (ع).,66321186-021 ( داخلی  ),http://
كتابخانه مدرسه علمیه خواهران بانو امین,تهران,تهران,تهران - اول جاده لشكرك - مینی سیتی - شهرك شهید محلاتی - فاز یك - خیابان شهدای گمنام - سر ایثار - حسینیه امام خمینی (ره).,22452858-021 ( داخلی  ),http://lib.whc.ir
كتابخانه مدرسه علمیه خواهران حجت (عج),تهران,تهران,تهران - انتهای خیابان جیهون - خیابان حسام الدین - جنب مسجد حضرت حجت(عج) - پلاك 262 .,55765533-55765522-021 ( داخلی  ),http://lib.whc.ir
كتابخانه مدرسه علمیه خواهران حضرت خدیجه (س),تهران,تهران,تهران - خیابان شریعتی - بالاتر از چهارراه قصر - خیابان محبی - پلاك 1.,88762877-021 ( داخلی  ),http://blog96.womenhc.com
كتابخانه مدرسه علمیه خواهران حضرت فاطمه (س),تهران,تهران,تهران - خیابان پیروزی - خیابان مقداد - فلكه دوم مقداد- پلاك 38 .,33051213-021 ( داخلی  ),http://lib.whc.ir
كتابخانه مدرسه علمیه خواهران حضرت ولی عصر (عج),تهران,تهران,تهران - خیابان جمهوری اسلامی - خیابان جمالزاده جنوبی - کوچه آیرم - پ 19 .,66928251-021 ( داخلی  ),http://Valiasr.whc.ir
کتابخانه مدرسه علمیه خواهران ریحانة النبی (ص) تهران,تهران,تهران,تهران- ولنجك- بلوار دانشجو- میدان یاسمن- ابتدای یاسمن هفتم- پلاك1,02122400780 ( داخلی  ),http://
كتابخانه مدرسه علمیه خواهران زهرای اطهر (س),تهران,تهران,تهران - خیابان وحدت اسلامی - پایین تر از چهار راه وحدت اسلامی - روبروی اداره آگاهی - خیابان شهید پهلوان حسن - پلاك 59 .,55890777-55156655-021 ( داخلی  ),http://lib.whc.ir
كتابخانه مدرسه علمیه خواهران زینب كبری (س),تهران,تهران,تهران - پاسداران - خیابان گیلان - خیابان شهید مجید افشاری - جنب تالار ساقدوش - كوچه شهید جعفری - پلاك 7 .,7-22978296-021 ( داخلی  ),http://lib.whc.ir
کتابخانه مدرسه علمیه خواهران فاطمة الزهراء (س) تهران,تهران,تهران,تهران- بزرگراه اشرفی اصفهانی- پائین تر از میدان پونك- كوچه گلزار یكم- پلاك34,02144452510 ( داخلی  ),http://
کتابخانه مدرسه علمیه خواهران فاطمیه (س) تهران,تهران,تهران,تهران- پاسداران- بوستان نهم- پلاك129- روبروی درمانگاه لبافی نژاد,02122598047 ( داخلی  ),http://
كتابخانه مدرسه علمیه خواهران مشكات اندیشه,تهران,تهران,تهران - خیابان خاوران - بعد از میدان ثامن الحجج(ع) - سمت راست - خیابان جنب مسجد سید الشهدا(ع)(8 متری سید الشهدا(ع).,33862500-021 ( داخلی  ),http://lib.whc.ir
كتابخانه مدرسه علمیه خواهران كوثریه,تهران,تهران,تهران - خیابان وحدت اسلامی - پائین تر از بیمارستان رازی - كوچه سید حسن خندان - انتهای كوچه مسجد علی بن ابیطالب (ع).,55603134-021 ( داخلی  ),http://lib.whc.ir
کتابخانه مدیریت بحران (کتابخانه های سازمان فرهنگی هنری شهرداری تهران),تهران,تهران,تهران - انتهای بزرگراه جلال آل احمد- نرسیده به بزرگراه آیت اله اشرفی اصفهانی- نبش خیابان نهم شمالی- سازمان پیشگیری و مدیریت بحران شهر تهران.,44244040-021 ( داخلی  ),http://tlib.ir
كتابخانه مركز اسناد و مركز دائرة المعارف بزرگ اسلامى,تهران,تهران,تهران - خيابان نياوران- كاشانك نرسيده به خيابان آجودانيه.,22297626-021 ( داخلی  ),http://cgie.org.ir
كتابخانه مركز آموزشی، درمانی، روانپزشكی رازی,تهران,تهران,شهرری – امین آباد- مركز آموزشی، درمانی،روانپزشكی رازی.,33401603-021 ( داخلی  ),http://razi.uswr.ac.ir
کتابخانه مرکز بین المللی آموزش زبان فارسی دانشگاه تهران,تهران,تهران,تهران- خیابان ولی عصر- ایستگاه پسیان- موسسه لغتنامه دهخدا و مرکز بین المللی آموزش زبان فارسی- شماره 3011 .,22719495 ( داخلی  ),http://icps.ut.ac.ir/shahidi%20library.html
کتابخانه مرکز پژوهش متالورژی رازی,تهران,تهران,تهران - كیلومتر ۲۱ جاده مخصوص كرج - ورودی شهر قدس - خیابان فرنان - انتهای خیابان - پلاک ۸ - مركز پژوهش متالورژی رازی.,46831570-021 ( داخلی 371 ),http://lib.razi-center.net/simwebclt/WebAccess/SimwebPortal.dll
كتابخانه مركز تحقيقات امام علی علیه السلام,تهران,تهران,تهران - خیابان کریمخان - بین خیابان شهید قرنی و ایرانشهر - پلاک 178 .,88317196-021 ( داخلی  ),http://imamali.ac.ir
کتابخانه مرکز تحقیقات بین المللی بیابان دانشگاه تهران,تهران,تهران,تهران- بلوار کشاورز- خیابان قدس- نبش کوچه شاهد- پلاک37- طبقه چهارم- مرکز تحقیقات بین المللی بیابان.,88971717-88973295 ( داخلی  ),http://desert.ut.ac.ir
کتابخانه مرکز تحقیقات‌ بیوشیمی‌- بیوفیزیک‌ دانشگاه تهران,تهران,تهران,تهران - دانشگاه تهران - ساختمان مركز تحقيقات بيوشيمي - بيوفيزيك.,66491147، 61113375 ( داخلی  ),http://ibb.ut.ac.ir
کتابخانه مرکز علمی کاربردی معماری و شهرسازی شیخ بهایی (کتابخانه های سازمان فرهنگی هنری شهرداری تهران),تهران,تهران,تهران - بزرگراه نواب صفوی- بالاتر از میدان حق شناس- نبش خیابان جوانمرد- ساختمان دماوند۹,55433257-021 ( داخلی  ),http://tlib.ir
كتابخانه مركز ملی جهانی شدن,تهران,تهران,تهران ـ خیابان سعادت آباد ـ خیابان هجدهم غربي ـ پلاك 17 .,22073024-021 ( داخلی  ),http://globalization.ir
کتابخانه مرکزی پردیس 1 فنی دانشگاه تهران,تهران,تهران,تهران-خیابان انقلاب- خیابان 16 آذر- دانشگاه تهران- پردیس دانشکده های فنی- کتابخانه پردیس مرکزی,61112227، 61112854 ، 61113031 ( داخلی  ),http://ut.ac.ir
کتابخانه مرکزی دانشگاه صنعتی امیرکبیر,تهران,تهران,میدان ولیعصر- خیابان حافظ- پلاک ۳۵۰,۶۶۴۰۷۴۱۸(۰۲۱) – ۶۴۵۴۲۳۴۹(۰۲۱) ( داخلی  ),https://library.aut.ac.ir
كتابخانه مركزی دانشگاه صنعتي شريف,تهران,تهران,تهران - خیابان آزادى - دانشگاه صنعتي شريف.,66005817-021 ( داخلی  ),http://library.sharif.ir
کتابخانه مرکزی دانشگاه علم و صنعت ایران,تهران,تهران,تهران - ميدان رسالت - خیابان هنگام - خیابان دانشگاه - دانشگاه علم و صنعت ايران.,8-77240540 ( داخلی 2316 - 2376 ),http://dl.iust.ac.ir
كتابخانه مركزی دانشگاه علوم بهزیستی و توانبخشی,تهران,تهران,تهران - اوین - بلوار دانشجو - بن بست كودكیار.,22180072-021 ( داخلی  ),http://lib.uswr.ac.ir
کتابخانه مرکزی فرهنگستان زبان و ادب فارسی,تهران,تهران,تهران - بزرگراه حقانی - بعد از ایستگاه مترو حقانی – خروجی کتابخانه ملی ایران – فرهنگستان زبان و ادب فارسی,88642339-68 ( داخلی 88642495 ),http://Apll.ir
کتابخانه مرکزی قوه قضائیه,تهران,تهران,تهران - بلوار کشاورز - خیابان حجاب - نبش یکم - ساختمان مرکزی قوه قضائیه - طبقه همکف,42131053-021 ( داخلی  ),http://farhangionline.ir
کتابخانه مرکزی، مرکز اسناد و موزه دانشگاه شهید بهشتی,تهران,تهران,تهران-اوین، ميدان شهيد شهرياری، دانشگاه شهید بهشتی، میدان اصلی دانشگاه روبروی درب دندانپزشکی، کتابخانه مرکزی، مرکز اسناد و موزه,22431916-021 ( داخلی 021-29902323 ),http://Library.sbu.ac.ir
كتابخانه مركزی و مركز اسناد دانشگاه الزهراء (س),تهران,تهران,تهران - ونك - دانشگاه الزهرا (س).,88044040-021 ( داخلی  ),http://alzahra.ac.ir
كتابخانه مركزی و مركز اسناد دانشگاه تهران,تهران,تهران,تهران - ميدان انقلاب اسلامی - دانشگاه تهران - پرديس مركزی دانشگاه تهران.,66466179-61112362-021 ( داخلی  ),http://library.ut.ac.ir
كتابخانه مركزی و مركز اسناد دانشگاه صنعتی خواجه نصير الدين طوسى,تهران,تهران,تهران- میرداماد غربی - پلاك 470 - طبقه چهارم - كتابخانه مركزي دانشگاه.,88881052-88881042-021 ( داخلی  ),http://library.kntu.ac.ir
كتابخانه مركزی و مركز اسناد دانشگاه علامه طباطبایی,تهران,تهران,تهران-خیابان كارگر جنوبی - چهارراه لشكر - جنب پمپ بنزین – ساختمان تخصصی آزاد.,39-55420036-021 ( داخلی  ),http://library.atu.ac.ir
كتابخانه مركزی و مركز اطلاع رسانی دانشگاه شاهد,تهران,تهران,تهران - بزرگراه خلیج فارس - نرسیده به عوارضی تهران قم - روبروی حرم امام خمینی (ره) - دانشگاه شاهد.,51214110-021 ( داخلی  ),http://shahed.ac.ir/lib
كتابخانه مركزی كانون اسلامی انصار,تهران,تهران,تهران- خیابان دكتر شریعتی - سه راه آیت الله طالقانی - پلاك 173.,8-77632007-021 ( داخلی  ),http://Kanoon-ansar.ir
كتابخانه مركزی كشاورزى,تهران,تهران,تهران- بزرگراه شهيد چمران - خيابان تابناك - سازمان تحقيقات آموزش و ترويج كشاورزى.,16-22414413-021 ( داخلی  ),http://agrisis.org
کتابخانه مسجد النبی (ص) (کتابخانه های سازمان فرهنگی هنری شهرداری تهران),تهران,تهران,تهران - تهرانسر - بلوار لاله - خيابان شهيد طالبي - كوچه ۲۷ مركزی - كتابخانه مشاركتي مسجدالنبي صلی الله علیه و آله,44526462-021 ( داخلی  ),http://tlib.ir
کتابخانه مطالعات اسلامی زن و خانواده (تهران),تهران,تهران,"تهران - بلوارکشاورز - خیابان نادری - کوچه شهید حجت‌دوست - پلاک ۵۶ -
مرکز تحقیقات زن و خانواده",88983944-021 ( داخلی  ),http://Wrc.ir
کتابخانه مطالعات فرهنگی (کتابخانه های سازمان فرهنگی هنری شهرداری تهران),تهران,تهران,تهران - چهارراه وليعصر عج -خيابان شهيد برادران مظفر شمالی- بن بست مهربان- پلاك ۲.,66483949-021 ( داخلی  ),http://tlib.ir
کتابخانه مهر (کتابخانه های سازمان فرهنگی هنری شهرداری تهران),تهران,تهران,تهران - ميدان بهمن - بلوار شهيد تندگويان، بعداز پل شهيد لطيفي، ابتداي خاني‌آباد نو، بوستان بعثت، فرهنگسرای مهر,55035600-021 ( داخلی  ),http://tlib.ir
کتابخانه موزه مقدم دانشگاه تهران,تهران,تهران,تهران - خیابان امام خميني - بعد از خیابان شیخ هادی - جنب بانک ملت - پلاک 249.,66463144 ( داخلی  ),http://museums.ut.ac.ir
كتابخانه مؤسسه آموزش عالی حوزوی خواهران كوثر,تهران,تهران,خیام - خبابان بهشت - خیابان شیخ فضل اله نوری - مجتمع كوثر .,55602857-021 ( داخلی  ),http://
کتابخانه موسسه باستان شناسی دانشگاه تهران,تهران,تهران,تهران- خيابان وليعصر – ايستگاه پسيان – مجتمع موقوفات دکتر محمود افشار- پلاك 1731.,22709204 ( داخلی  ),http://
کتابخانه موسسه حقوق تطبیقی دانشکده حقوق و علوم سیاسی دانشگاه تهران,تهران,تهران,تهران - ابتدای خیابان طالقانی - روبروی درب شرقی دانشگاه تهران - پلاک 590 .,66950254 ( داخلی  ),http://ut.ac.ir
کتابخانه موسسه روانشناسی و علوم تربیتی دانشگاه تهران (شهید دقایقی),تهران,تهران,تهران- بزرگراه جلال آل احمد- روبروی کوی نصر (گیشا)- خیابان دکتر کاردان- دانشکده روانشناسی و علوم تربیتی.,61117476-88275696  ( داخلی  ),http://psyedu.ut.ac.ir
کتابخانه موسسه ژئوفيزيك دانشگاه تهران,تهران,تهران,تهران- انتهاي كارگر شمالى- موسسه ژئوفيزيك دانشگاه تهران.,6-88001115 ( داخلی  ),http://geophysics.ut.ac.ir/Fa/bakhsh/Library.asp
کتابخانه موسسه لغتنامه دهخدا دانشگاه تهران,تهران,تهران,خیابان ولیعصر ، نرسیده به میدان تجریش ، ایستگاه پسیان ، موقوفات دکتر محمود افشار پلاک 3011,22731473-22700857 ( داخلی  ),http://ut.ac.ir/fa/contents/dehkhoda
کتابخانه مولانا (کتابخانه های سازمان فرهنگی هنری شهرداری تهران),تهران,تهران,تهران - شهرك غرب - بلوار شهيد دادمان - خیابان درختی - مركز خريد سپهر - طبقه دوم شرقی.,88578927-021 ( داخلی  ),http://tlib.ir
کتابخانه میثاق (کتابخانه های سازمان فرهنگی هنری شهرداری تهران),تهران,تهران,تهران - فلكه دوم صادقيه - بلوار آيت ا... كاشاني - انتهاي خيابان مهران - خانه فرهنگ ميثاق.,44082461-021 ( داخلی  ),http://tlib.ir
کتابخانه هدی (کتابخانه های سازمان فرهنگی هنری شهرداری تهران),تهران,تهران,تهران - خيابان قزوين- نرسيده به ميدان شمشيري- نبش خيابان كاظمي- فرهنگسراي قرآن.,55780004-021 ( داخلی  ),http://tlib.ir
کتابخانه هشت بهشت (کتابخانه های سازمان فرهنگی هنری شهرداری تهران),تهران,تهران,تهران - خیابان انقلاب اسلامی- نبش خیابان شهید نامجو- مجتمع فرهنگی مذهبی امام رضا (ع),77680091-021 ( داخلی  ),http://tlib.ir
کتابخانه هفت چنار (کتابخانه های سازمان فرهنگی هنری شهرداری تهران),تهران,تهران,تهران - ميدان بريانک - خیابان حسام الدین - کوچه شهید محقق - پارک ناظمی.,55787700-021 ( داخلی  ),http://tlib.ir
کتابخانه هنر (کتابخانه های سازمان فرهنگی هنری شهرداری تهران),تهران,تهران,تهران - خیابان دکتر شریعتی - بالاتر از پل سیدخندان - خیابان ارسباران(جلفا) - فرهنگسرای ارسباران.,20-22872818 ( داخلی 7 ),http://tlib.ir
کتابخانه هنگام (کتابخانه های سازمان فرهنگی هنری شهرداری تهران),تهران,تهران,تهران - بزرگراه رسالت، خيابان هنگام - خيابان دلاوران - خيابان آزادگان شمالي - فرهنگسراي هنگام.,77491491-021 ( داخلی  ),http://tlib.ir
كتابخانه و مركز اسناد بنياد ايران شناسى,تهران,تهران,تهران ، خیابان شیخ بهایی جنوبی- شهرک والفجر – خیابان ایرانشناسی – بنیاد ایرانشناسی,8-88066146-021 ( داخلی  ),https://libiran.iranology.ir
کتابخانه و مرکز اسناد پژوهشگاه فرهنگ، هنر و ارتباطات,تهران,تهران,تهران - خیابان ولیعصر (ع) - پایین تر از میدان ولیعصر (ع) - خیابان دمشق - پلاک9 .,88917076-021 ( داخلی  ),http://Library.ricac.ac.ir
كتابخانه و مركز اسناد سازمان پژوهشهای علمی و صنعتی ایران,تهران,تهران,تهران - جاده شهريار - فرعي حسن آباد - مجتمع تحقيقاتي عصر انقلاب.,7-56276326-021 ( داخلی  ),http://library.irost.ir
کتابخانه و مرکز اسناد فرهنگستان هنر,تهران,تهران,تهران، خیابان ولی‌عصر (عج)، نرسیده به تقاطع طالقانی، فرهنگستان هنر، شماره ۱۵۵۲.,4-۶۶۹۷۴۷۹۳ ( داخلی  ),http://speciallibrary.honar.ac.ir
کتابخانه و مرکز یادگیری دانشکده پزشکی,تهران,تهران,تهران- خیابان قدس- خیابان پورسینا- درب شمالی دانشگاه تهران- دانشکده پزشکی,88953002 ( داخلی  ),https://medicine.tums.ac.ir/LIB
کتابخانه و موزه ملی ملک,تهران,تهران,تهران - خيابان امام خميني (ره) - خيابان ملل متحد (باغ ملي).,66743744-021 ( داخلی  ),http://malekmuseum.org/fa
كتابخانه وزارت امور خارجه,تهران,تهران,تهران - خيابان شهيد باهنر(نياوران) - خيابان شهيد آقايي - شماره 23 - كتابخانه تخصصي (مجموعه شهيد باهنر).,30-22802729-021 ( داخلی  ),http://lpis.ir
کتابخانه کوثر (کتابخانه های سازمان فرهنگی هنری شهرداری تهران),تهران,تهران,تهران - اكباتان - خيابان اصلي - روبروي مخابرات - خانه فرهنگ آيه.,44656424-021 ( داخلی  ),http://tlib.ir
